{"stats":{"minecraft:killed":{"minecraft:warden":2},"minecraft:used":{"minecraft:redstone_torch":20,"minecraft:oak_log":66,"minecraft:bedrock":5,"minecraft:netherite_sword":22,"minecraft:magma_block":27,"minecraft:comparator":2,"minecraft:white_bed":1,"minecraft:redstone":4,"minecraft:ladder":4,"minecraft:written_book":31,"minecraft:command_block":47,"minecraft:oak_button":11,"minecraft:lectern":13,"minecraft:barrier":1,"minecraft:stone_button":4,"minecraft:slime_block":8,"minecraft:oak_planks":1327,"minecraft:blue_ice":9,"minecraft:repeating_command_block":14,"minecraft:stone":80,"minecraft:redstone_block":9},"minecraft:picked_up":{"minecraft:sculk_catalyst":1,"minecraft:written_book":6,"minecraft:redstone_torch":1,"minecraft:stone_button":1,"minecraft:oak_button":2},"minecraft:custom":{"minecraft:time_since_rest":1366,"minecraft:crouch_one_cm":629,"minecraft:play_time":143882,"minecraft:sprint_one_cm":6576,"minecraft:deaths":7,"minecraft:damage_taken":240,"minecraft:walk_one_cm":37834,"minecraft:sneak_time":5293,"minecraft:mob_kills":2,"minecraft:drop":8,"minecraft:interact_with_lectern":26,"minecraft:jump":154,"minecraft:damage_dealt":10000,"minecraft:leave_game":3,"minecraft:time_since_death":1366,"minecraft:climb_one_cm":76,"minecraft:total_world_time":225969,"minecraft:fly_one_cm":428541},"minecraft:dropped":{"minecraft:written_book":7,"minecraft:netherite_sword":1}},"DataVersion":3337}